Bitcoin,BTC,비트코인,,,
Ethereum,ETH,이더리움,,,
Bitcoin Cash,BCH,비트코인캐시,,,
Ripple,XRP,리플,,,
Litecoin,LTC,라이트코인,,,
Cardano,ADA,카르다노,,,
IOTA,MIOTA,아이오타,,,
Dash,DASH,대시,,,
NEM,XEM,넴,,,
Monero,XMR,모네로,,,
Bitcoin Gold,BTG,비트코인골드,,,
NEO,NEO,네오,,,
Stellar,XLM,스텔라,,,
EOS,EOS,이오스,,,
Ethereum Classic,ETC,이더리움클래식,,,
Qtum,QTUM,퀀텀,,,
TRON,TRX,트론,,,
Lisk,LSK,리스크,,,
BitConnect,BCC,비트커넥트,,,
Populous,PPT,파퓰러스,,,
OmiseGO,OMG,오세미고,,,
Zcash,ZEC,제트캐시,,,
Waves,WAVES,웨이브,,,
Stratis,STRAT,스트라티스,,,
Hshare,HSR,에이치쉐어,,,
Tether,USDT,테더,,,
BitShares,BTS,비트쉐어스,,,
Ardor,ARDR,아더,,,
Nxt,NXT,엔엑스티,,,
Bytecoin,BCN,바이트코인,,,
MonaCoin,MONA,모나코인,,,
Verge,XVG,버지,,,
Dogecoin,DOGE,도지코인,,,
Steem,STEEM,스팀,,,
Ark,ARK,아크,,,
Status,SNT,스테이터스,,,
Veritaseum,VERI,베리타지움,,,
Decred,DCR,데트레드,,,
Komodo,KMD,코모도,,,
Binance Coin,BNB,바이낸스,,,
Einsteinium,EMC2,아인스타이늄,,,
SALT,SALT,솔트,,,
Augur,REP,어거,,,
Siacoin,SC,시아코인,,,
Electroneum,ETN,일렉트로니움,,,
Golem,GNT,골렘,,,
PIVX,PIVX,피벡스,,,
VeChain,VEN,베체인,,,
TenX,PAY,텐엑스,,,
Vertcoin,VTC,버트코인,,,
Basic Attention Token,BAT,베이직어텐션토큰,,,
Byteball Bytes,GBYTE,바이트볼,,,
Power Ledger,POWR,파워렛저,,,
Kyber Network,KNC,카이버,,,
Gas,GAS,네오가스,,,
QASH,QASH,큐캐시,,,
RaiBlocks,XRB,레일블락,,,
DigiByte,DGB,디지바이트,,,
Bytom,BTM,바이텀,,,
Factom,FCT,팩텀,,,
MaidSafeCoin,MAID,메이드세이프코인,,,
DigixDAO,DGD,디직스다오,,,
Aeternity,AE,애터니티,,,
Syscoin,SYS,시스코인,,,
Santiment Network Token,SAN,샌티먼트네트워크토큰,,,
Walton,WTC,월튼,,,
ZCoin,XZC,지코인,,,
BitcoinDark,BTCD,비트코인다크,,,
GXShares,GXS,지엑스셰어,,,
Decentraland,MANA,디센트라랜드,,,
Cryptonex,CNX,크립토넥스,,,
0x,ZRX,제로엑스,,,
Nexus,NXS,넥서스,,,
Raiden Network Token,RDN,라이덴네트워크토큰,,,
Iconomi,ICN,아이코노미,,,
GameCredits,GAME,게임크레딧,,,
Gnosis,GNO,지노시스,,,
Dragonchain,DRGN,드래곤체인,,,
Request Network,REQ,리퀘스트네트워크,,,
FunFair,FUN,펀페어,,,
Monaco,MCO,모나코,,,
Metal,MTL,메탈,,,
Streamr DATAcoin,DATA,스트리머데이터코인,,,
PayPie,PPP,페이파이,,,
Civic,CVC,시빅,,,
Bancor,BNT,방코르,,,
BitBay,BAY,비트베이,,,
NAV Coin,NAV,나브코인,,,
Metaverse ETP,ETP,메타벌스ETP,,,
Blocknet,BLOCK,블록넷,,,
Peercoin,PPC,피어코인,,,
Edgeless,EDG,엣지리스,,,
Substratum,SUB,섭스트라텀,,,
Storj,STORJ,스토리지,,,
Dent,DENT,덴트,,,
SONM,SNM,SONM,,,
ChainLink,LINK,체인링크,,,
Revain,R,리베인,,,
Aion,AION,아이온,,,
Pura,PURA,퓨라,,,
Ethos,ETHOS,이도스,,,
Skycoin,SKY,스카이코인,,,
Ink,INK,잉크,,,
Kin,KIN,킨,,,
Ripio Credit Network,RCN,리피오크레딧네트워크,,,
RChain,RHOC,알체인,,,
Ubiq,UBQ,유빅,,,
Time New Bank,TNB,타임 뉴 뱅크,,,
Achain,ACT,A체인,,,
Quantstamp,QSP,퀀트스탬프,,,
AdEx,ADX,에이덱스,,,
ZenCash,ZEN,젠캐시,,,
Groestlcoin,GRS,그로스톨코인,,,
Loopring,LRC,루프링,,,
Jinn,JINN,진,,,
Aragon,ANT,아르곤,,,
DigitalNote,XDN,디지털노트,,,
SingularDTV,SNGLS,싱귤러디티비,,,
MinexCoin,MNX,마이넥스코인,,,
SmartCash,SMART,스마트캐쉬,,,
Asch,XAS,애쉬,,,
Cobinhood,COB,코빈후드,,,
Quantum Resistant Ledger,QRL,퀀텀레지스턴트렛저,,,
Pepe Cash,PEPECASH,페페캐쉬,,,
Enjin Coin,ENJ,엔진코인,,,
Particl,PART,파티클,,,
Counterparty,XCP,카운터파티,,,
Feathercoin,FTC,페더코인,,,
ATMChain,ATM,에이티엠체인,,,
ReddCoin,RDD,레드코인,,,
Mercury,MER,머큐리,,,
Rise,RISE,라이즈,,,
Wings,WINGS,윙스,,,
PotCoin,POT,팟코인,,,
WaBi,WABI,와비,,,
YOYOW,YOYOW,요요우,,,
iExec RLC,RLC,이젝알엘씨,,,
Viacoin,VIA,비아,,,
Agoras Tokens,AGRS,아고라스토큰,,,
Red Pulse,RPX,레드펄스,,,
Lykke,LKK,리크,,,
Voxels,VOX,복셀,,,
LBRY Credits,LBC,LBRY크레딧,,,
Delphy,DPY,델피,,,
Eidoo,EDO,아이두,,,
ETHLend,LEND,이더리움렌드,,,
CloakCoin,CLOAK,클락코인,,,
Humaniq,HMQ,휴매닉,,,
Namecoin,NMC,네임코인,,,
MobileGo,MGO,모바일고,,,
KuCoin Shares,KCS,쿠코인셰어,,,
Aeon,AEON,이온,,,
Cofound.it,CFI,코파운드잇,,,
Enigma,ENG,에니그마,,,
FairCoin,FAIR,페어코인,,,
Po.et,POE,포엣,,,
WhiteCoin,XWC,화이트코인,,,
Hive,HVN,하이브,,,
Matchpool,GUP,매치풀,,,
Emercoin,EMC,이멀코인,,,
FirstBlood,1ST,퍼스트블러드,,,
Tierion,TNT,티어리온,,,
Crown,CRW,크라운,,,
CoinDash,CDT,코인대시,,,
XP,XP,엑스피,,,
Neblio,NEBL,네블리오,,,
Ambrosus,AMB,앰브로서스,,,
Paypex,PAYX,페이펙스,,,
district0x,DNT,디스트릭톡스,,,
Gulden,NLG,굴덴,,,
Pillar,PLR,필라,,,
Blocktix,TIX,블록틱스,,,
Melon,MLN,멜론,,,
Burst,BURST,버스트,,,
XTRABYTES,XBY,엑스트라바이트,,,
Centra,CTR,센트라,,,
Steem Dollars,SBD,스팀달러,,,
DECENT,DCT,디센트,,,
Bodhi,BOT,보디,,,
ION,ION,아이온,,,
Wagerr,WGR,와거,,,
AirSwap,AST,에어스왑,,,
BLOCKv,VEE,블락브이,,,
SIBCoin,SIB,시브코인,,,
Diamond,DMD,다이아몬드,,,
Cindicator,CND,신디케이터,,,
Open Trading Network,OTN,오픈트레이딩네트워크,,,
WeTrust,TRST,웨트러스트,,,
I/O Coin,IOC,아이오코인,,,
Etherparty,FUEL,이더파티,,,
OKCash,OK,오케이캐쉬,,,
BlackCoin,BLK,블랙코인,,,
Modum,MOD,모덤,,,
TaaS,TAAS,타스,,,
Shift,SHIFT,쉬프트,,,
SpankChain,SPANK,스팡크체인,,,
NoLimitCoin,NLC2,노리밋코인,,,
Moeda Loyalty Points,MDA,모네다로열티포인트,,,
Zeusshield,ZSC,제우스실드,,,
BridgeCoin,BCO,브릿지코인,,,
Omni,OMNI,옴니,,,
Russian Miner Coin,RMC,러시안마이너코인,,,
Dentacoin,DCN,덴타코인,,,
GridCoin,GRC,그리드코인,,,
Bitcore,BTX,빗코어,,,
Elastic,XEL,일레스틱,,,
Viberate,VIB,바이브레이트,,,
Triggers,TRIG,트리거스,,,
Synereo,AMP,씨네러,,,
MonetaryUnit,MUE,모네터리유닛,,,
bitCNY,BITCNY,비트씨엔와이,,,
Numeraire,NMR,뉴머레이어,,,
SaluS,SLS,살루스,,,
Monetha,MTH,모네싸,,,
FlorinCoin,FLO,플로린코인,,,
HempCoin,THC,헴프코인,,,
Golos,GOLOS,골로스,,,
Credo,CREDO,그레도,,,
BitDice,CSNO,빗다이스,,,
Patientory,PTOY,페이션토리,,,
FirstCoin,FRST,퍼스트코인,,,
Phore,PHR,포어,,,
Clams,CLAM,클램스,,,
XPlay,XPA,엑스플레이,,,
VeriCoin,VRC,베리코인,,,
Stox,STX,스톡스,,,
Grid+,GRID,그리드,,,
Unikoin Gold,UKG,유니콘 골드,,,
Exchange Union,XUC,익스체인지유니온,,,
Agrello,DLT,아그렐로,,,
Presearch,PRE,프리서치,,,
BCAP,BCAP,비캡,,,
Gambit,GAM,감빗,,,
Paragon,PRG,파라곤,,,
Global Currency Reserve,GCR,글로벌커런시리버스,,,
OracleChain,OCT,오라클체인,,,
Genesis Vision,GVT,제네시스비전,,,
FedoraCoin,TIPS,페도라코인,,,
PRIZM,PZM,프리즘,,,
Dimecoin,DIME,다임코인,,,
iXledger,IXT,익스렛저,,,
Waves Community Token,WCT,웨이브커뮤니티토큰,,,
adToken,ADT,애드토큰,,,
Radium,RADS,라디움,,,
Rubycoin,RBY,루비코인,,,
OBITS,OBITS,오빗츠,,,
Expanse,EXP,익스팬스,,,
NeosCoin,NEOS,네오스코인,,,
Everex,EVX,에버렉스,,,
BitSend,BSD,빗센드,,,
Spectrecoin,XSPEC,스펙터코인,,,
Primas,PST,프리마스,,,
ATBCoin,ATB,에이티비코인,,,
Aventus,AVT,어벤터스,,,
Pascal Coin,PASC,파스칼코인,,,
TransferCoin,TX,트랜스퍼코인,,,
bitqy,BQ,빗키,,,
Databits,DTB,데이터빗츠,,,
Mooncoin,MOON,문코인,,,
Rialto,XRL,리알토,,,
LEOcoin,LEO,레오코인,,,
ICOS,ICOS,아이코스,,,
TokenCard,TKN,토큰카드,,,
Unobtanium,UNO,우놉타니움,,,
SolarCoin,SLR,솔라코인,,,
Incent,INCNT,인센트,,,
Nimiq,NET,니믹,,,
DomRaider,DRT,돔라이더,,,
Vcash,XVC,브이캐시,,,
The ChampCoin,TCC,더챔프코인,,,
Mysterium,MYST,미스테리움,,,
E-coin,ECN,이코인,,,
ALIS,ALIS,알리스,,,
LoMoCoin,LMC,로모코인,,,
HEAT,HEAT,히트,,,
Swarm City,SWT,스웜시티,,,
Xaurum,XAUR,싸우럼,,,
Peerplays,PPY,피어플레이,,,
Target Coin,TGT,타겟코인,,,
KickCoin,KICK,킥코인,,,
Lunyr,LUN,루니어,,,
Etheroll,DICE,이데롤,,,
SunContract,SNC,썬컨트랙트,,,
Soarcoin,SOAR,소아르코인,,,
FoldingCoin,FLDC,폴딩코인,,,
Quantum,QAU,퀀텀,,,
Bitzeny,ZNY,비츠니,,,
Mothership,MSP,마더쉽,,,
Nexium,NXC,넥시움,,,
Rivetz,RVT,리베츠,,,
Boolberry,BBR,불베리,,,
Circuits of Value,COVAL,써킷오브밸류,,,
NVO,NVST,엔비오,,,
DeepOnion,ONION,딥오니온,,,
BitBean,BITB,빗빈,,,
Energycoin,ENRG,에너지코인,,,
Bitmark,BTM,빗마크,,,
bitUSD,BITUSD,비트유에스에이,,,
Sphere,SPHR,스피어,,,
Polybius,PLBT,포리비우스,,,
Obsidian,ODN,옵시디안,,,
COSS,COSS,코스,,,
Novacoin,NVC,노바코인,,,
Musicoin,MUSIC,뮤직코인,,,
Memetic / PepeCoin,MEME,메메틱,,,
PinkCoin,PINK,핑크코인,,,
PoSW Coin,POSW,포즈더블유코인,,,
Blackmoon Crypto,BMC,블랙문크립토,,,
AirToken,AIR,에어토큰,,,
Myriad,XMY,미리아드,,,
Oxycoin,OXY,옥시코인,,,
Chronobank,TIME,크로노뱅크,,,
Bitcrystals,BCY,빗크리스탈,,,
Ethereum Movie Venture,EMV,이더리움무비벤처,,,
Maecenas,ART,매세나스,,,
Sequence,SEQ,시퀀스,,,
Curecoin,CURE,큐어코인,,,
EncrypGen,DNA,엔크리프젠,,,
OAX,OAX,악스,,,
ECC,ECC,이씨씨,,,
BlockMason Credit Protocol,BCPT,블록메이슨크레딧프로토콜,,,
Stealthcoin,XST,스텔스코인,,,
EarthCoin,EAC,어스코인,,,
Bitdeal,BDL,빗딜,,,
Auroracoin,AUR,오로라코인,,,
ClearPoll,POLL,클리어폴,,,
NuShares,NSR,누셰어즈,,,
LAToken,LA,엘에이토큰,,,
MarteXcoin,MXT,마텍스코인,,,
Aeron,ARN,에어론,,,
BLUE,BLUE,블루,,,
Bitcoin Plus,XBC,비트코인플러스,,,
DAO.Casino,BET,다오.카지노,,,
Tao,XTO,타오,,,
Astro,ASTRO,아스트로,,,
ArtByte,ABY,아트바이트,,,
Breakout,BRK,브레이크아웃,,,
ToaCoin,TOA,토아코인,,,
Sexcoin,SXC,섹스코인,,,
Internet of People,IOP,인터넷오브피플,,,
DecentBet,DBET,디센트벳,,,
SHIELD,XSH,실드,,,
Yocoin,YOC,요코인,,,
Lampix,PIX,램픽스,,,
Change,CAG,체인지,,,
E-Dinar Coin,EDR,이다이나코인,,,
Dynamic,DYN,다이나믹,,,
Kore,KORE,코어,,,
Bitcloud,BTDX,빗클라우드,,,
VIBE,VIBE,바이브,,,
Pesetacoin,PTC,페셋타,,,
InvestFeed,IFT,인베스트피드,,,
Syndicate,SYNX,신디케이트,,,
eBitcoin,EBTC,이빗코인,,,
Decision Token,HST,디시전 토큰,,,
DCORP,DRP,디코프,,,
Riecoin,RIC,라이코인,,,
APX,APX,에이피엑스,,,
BlockCAT,CAT,블락캣,,,
Primecoin,XPM,프라임코인,,,
DopeCoin,DOPE,도프코인,,,
B2B,B2B,비투비,,,
Zephyr,ZEPH,제피어,,,
Divi,DIVX,디비,,,
Mintcoin,MINT,민트코인,,,
Qwark,QWARK,쿼크,,,
Bela,BELA,벨라,,,
MCAP,MCAP,엠캡,,,
CVCoin,CVCOIN,씨비코인,,,
Voise,VOISE,보이즈,,,
ExclusiveCoin,EXCL,익스클루시브코인,,,
GoldCoin,GLD,골드코인,,,
DubaiCoin,DBIX,두바이코인,,,
Primalbase Token,PBT,프리멀베이스토큰,,,
ZClassic,ZCL,지클래식,,,
Xenon,XNN,제논,,,
Bismuth,BIS,비스무스,,,
MyBit Token,MYB,마이바이트토큰,,,
Propy,PRO,프로피,,,
Breakout Stake,BRX,브레이크아웃스테이크,,,
Synergy,SNRG,시너지,,,
Pluton,PLU,플루톤,,,
BlueCoin,BLU,블루코인,,,
HelloGold,HGT,헬로골드,,,
2GIVE,2GIVE,투기브,,,
Bitswift,SWIFT,빗스위프트,,,
EuropeCoin,ERC,유럽코인,,,
HTMLCOIN,HTML5,에이치티엠엘코인,,,
TrustPlus,TRUST,트러스트플러스,,,
Atmos,ATMS,애트모스,,,
vSlice,VSL,브이슬라이스,,,
PutinCoin,PUT,푸틴코인,,,
Dovu,DOVU,도부,,,
Project Decorum,PDC,프로젝트 데코럼,,,
TrezarCoin,TZC,트레저코인,,,
Flixxo,FLIXX,플릭소,,,
Bonpay,BON,본페이,,,
Creditbit,CRB,크레딧빗,,,
ZrCoin,ZRC,지알코인,,,
EverGreenCoin,EGC,에버그린코인,,,
Neutron,NTRN,뉴트론,,,
AsiaCoin,AC,아시아코인,,,
BitBar,BTB,빗발,,,
NewYorkCoin,NYC,뉴욕코인,,,
Pirl,PIRL,펄,,,
CannabisCoin,CANN,카나비스코인,,,
GeoCoin,GEO,지오코인,,,
Ergo,EFYT,어고,,,
Elixir,ELIX,엘릭서,,,
TheGCCcoin,GCC,지씨코인,,,
Prospectors Gold,PGL,프로스펙터스골드,,,
ParkByte,PKB,파크바이트,,,
GoByte,GBX,고바이터,,,
Blockpool,BPL,블락풀,,,
Sharechain,SSS,셰어체인,,,
Blitzcash,BLITZ,블리츠캐시,,,
Innova,INN,이노바,,,
ChainCoin,CHC,체인코인,,,
Publica,PBL,퍼블리카,,,
Paccoin,PAC,파코인,,,
Creativecoin,CREA,크리에이티브코인,,,
Karbowanec,KRB,카보와넥,,,
CHIPS,CHIPS,칩스,,,
HunterCoin,HUC,헌터코인,,,
VIVO,VIVO,비보,,,
ALQO,ALQO,알코,,,
Startcoin,START,스타트코인,,,
Darcrus,DAR,다크루스,,,
Mercury Protocol,GMT,머큐리프로토콜,,,
vTorrent,VTR,브이토렌트,,,
CryptoPing,PING,크립토핑,,,
VeriumReserve,VRM,베리움리버스,,,
TrueFlip,TFL,트루플립,,,
AdShares,ADST,애드셰어즈,,,
Indorse Token,IND,인돌스토큰,,,
Dotcoin,DOT,도트코인,,,
Kolion,KLN,콜리온,,,
Universal Currency,UNIT,유니버셜커런시,,,
Terracoin,TRC,테라코인,,,
Cryptonite,XCN,크립토나이트,,,
Onix,ONX,오닉스,,,
Rupee,RUP,루피,,,
Internxt,INXT,인터넥스,,,
e-Gulden,EFL,이글루덴,,,
UFO Coin,UFO,유에포,,,
LuckChain,BASH,럭체인,,,
UnbreakableCoin,UNB,언브레이커블,,,
Quark,QRK,쿼크,,,
Autonio,NIO,오토니오,,,
Oceanlab,OCL,오션랩,,,
Centurion,CNT,센추리온,,,
REAL,REAL,리얼,,,
Anoncoin,ANC,아논코인,,,
Tokes,TKS,토크,,,
CarTaxi Token,CTX,카택시토큰,,,
LUXCoin,LUX,럭스코인,,,
LIFE,LIFE,라이프,,,
SpreadCoin,SPR,스프레드코인,,,
MyWish,WISH,마이위시,,,
SmartBillions,SMART,스마트빌리언,,,
Social,SCL,소셜,,,
Magi,XMG,매기,,,
WorldCoin,WDC,월드코인,,,
Megacoin,MEC,메가코인,,,
Starta,STA,스타르타,,,
EquiTrader,EQT,이퀴트레이더,,,
Hush,HUSH,허쉬,,,
NEVERDIE,NDC,네버다이,,,
Bitcoin Red,BTCRED,비트코인레드,,,
Altcoin,ALT,알트코인,,,
Espers,ESP,에스퍼스,,,
ATLANT,ATL,아틀란트,,,
42-coin,42,42코인,,,
ICO OpenLedger,ICOO,아이씨오오픈렛저,,,
Smart Investment Fund Token,SIFT,스마트인베스느먼트펀드토큰,,,
ERC20,ERC20,이알씨20,,,
Hedge,HDG,헷지,,,
HyperStake,HYP,하이퍼스테이크,,,
Crave,CRAVE,크레이브,,,
Elementrem,ELE,엘리멘트렘,,,
Zennies,ZENI,제니스,,,
SuperCoin,SUPER,수퍼코인,,,
AudioCoin,ADC,오디오코인,,,
Footy Cash,XFT,푸티캐쉬,,,
Adelphoi,ADL,아델포이,,,
Fantomcoin,FCN,팬텀코인,,,
BitcoinZ,BTCZ,비트코인제트,,,
FLiK,FLIK,플릭,,,
Zoin,ZOI,조인,,,
WavesGo,WGO,웨이브고,,,
Linx,LINX,링크스,,,
DNotes,NOTE,디노트,,,
1337,1337,,,,
Crypto Bullion,CBX,크립토불리언,,,
eBoost,EBST,이부스트,,,
FundYourselfNow,FYN,펀드유얼셀프나우,,,
FlypMe,FYP,플라이미,,,
Solaris,XLR,솔라리스,,,
Ellaism,ELLA,엘라이즘,,,
GoldBlocks,GB,골드블락,,,
Opus,OPT,오퍼스,,,
BuzzCoin,BUZZ,버즈코인,,,
Magnet,MAG,마그넷,,,
Royal Kingdom Coin,RKC,로얄킹덤코인,,,
Woodcoin,LOG,우드코인,,,
BritCoin,BRIT,브리트코인,,,
Sumokoin,SUMO,수모코인,,,
Sprouts,SPRTS,스프라우츠,,,
IntenseCoin,ITNS,인텐스코인,,,
GCoin,GCN,지코인,,,
Bata,BTA,바타,,,
ProCurrency,PROC,프로커런시,,,
Legends Room,LGD,레전드룸,,,
Canada eCoin,CDN,캐나다코인,,,
Bulwark,BWK,불워크,,,
Unify,UNIFY,유니파이,,,
Orbitcoin,ORB,오빗코인,,,
BiblePay,BBP,바비블페이,,,
MonacoCoin,XMCC,모나코인,,,
Miners' Reward Token,MRT,마이너스리워드토큰,,,
PiplCoin,PIPL,피플코인,,,
Zetacoin,ZET,제타코인,,,
Deutsche eMark,DEM,듀츠크이마크,,,
Hubii Network,HBT,후비네트워크,,,
Tracto,TRCT,트락토,,,
Pandacoin,PND,판다,,,
Bytecent,BYC,바이트센트,,,
Privatix,PRIX,프라이배틱스,,,
Unitus,UIS,유니터스,,,
DigiPulse,DGPT,디지펄스,,,
Gimli,GIM,김리,,,
Embers,MBRS,엠버스,,,
Giga Watt Token,WTT,기가와트토큰,,,
Fastcoin,FST,패스트코인,,,
Bitcoin Scrypt,BTCS,비트코인스크립트,,,
Growers International,GRWI,그로워스인터네이셔널,,,
Kobocoin,KOBO,코보코인,,,
Visio,VISIO,비지오,,,
Coin,O,코인,,,
,CNO,,,,
Influxcoin,INFX,인플럭스코인,,,
Adzcoin,ADZ,애드즈코인,,,
KekCoin,KEK,케크코인,,,
SmileyCoin,SMLY,스마일리코인,,,
Link Platform,LNK,링크플랫폼,,,
HiCoin,XHI,하이코인,,,
Pure,PURE,퓨어,,,
Trollcoin,TROLL,트롤코인,,,
Xios,XIOS,엑시오스,,,
Signatum,SIGT,시그내튬,,,
FujiCoin,FJC,퍼지코인,,,
Unity Ingot,UNY,유나이티인곳,,,
ArcticCoin,ARC,아크틱코인,,,
NobleCoin,NOBL,노블코인,,,
Denarius,DNR,데너리우스,,,
StarCredits,STRC,스타크레딧,,,
Joincoin,J,조인코인,,,
Nekonium,NUKO,네코니움,,,
DraftCoin,DFT,드래프트코인,,,
CryptoCarbon,CCRB,크립토카본,,,
Interstellar Holdings,HOLD,인터스텔라홀딩스,,,
Condensate,RAIN,콘덴세이트,,,
Joulecoin,XJO,줄코인,,,
MazaCoin,MZC,마자코인,,,
Emphy,EPY,엠파이,,,
SkinCoin,SKIN,스킨코인,,,
InPay,INPAY,인페이,,,
Carboncoin,CARBON,카본코인,,,
CryptoForecast,CFT,크립토포어캐스트,,,
KiloCoin,KLC,킬로코인,,,
CrowdCoin,CRC,크라우드코인,,,
DigitalPrice,DP,디지털프라이스,,,
Moin,MOIN,모인,,,
Linda,LINDA,린다,,,
Zero,ZER,제로,,,
Renos,RNS,레노스,,,
Copico,XCPO,코피코,,,
Qvolta,QVT,큐볼타,,,
UltraCoin,UTC,울트라코인,,,
LiteDoge,LDOGE,라이트도지,,,
Capricoin,CPC,캐프리코인,,,
Remicoin,RMC,레미콘,,,
Version,V,베르전,,,
GameUnits,UNITS,게임유닛,,,
InsaneCoin,INSN,인세인,,,
NetCoin,NET,넷코인,,,
ELTCOIN,ELTCOIN,엘트코인,,,
FuckToken,FUCK,퍽토큰,,,
Dashcoin,DSH,대시코인,,,
HoboNickels,HBN,호보니켈스,,,
ZoZoCoin,ZZC,조조코인,,,
RouletteToken,RLT,룰렛코인,,,
Vsync,VSX,브이싱크,,,
Mao Zedong,MAO,마오쩌뚱,,,
Fujinto,NTO,푸진토,,,
PoSToken,POS,포스토큰,,,
bitBTC,BITBTC,비트비티씨,,,
MaxCoin,MAX,맥스코인,,,
Etheriya,RIYA,이더리야,,,
XGOX,XGOX,엑스곡스,,,
NuBits,USNBT,누비츠,,,
Upfiring,UFR,업파이어링,,,
Litecoin Plus,LCP,라이트코인플러스,,,
SmartCoin,SMC,스마트코인,,,
Netko,NETKO,넥코,,,
TagCoin,TAG,태그코인,,,
Phoenixcoin,PXC,피닉스코인,,,
LiteBar,LTB,라이트바,,,
Accelerator Network,ACC,엑셀러레이터네트워크,,,
Payfair,PFR,페이페어,,,
Zeitcoin,ZEIT,제잇코인,,,
Zurcoin,ZUR,주르코인,,,
Happycoin,HPC,해피코인,,,
FuelCoin,FC2,퓨엘코인,,,
Bitradio,BRO,비트라디오,,,
Ccore,CCO,씨코어,,,
CryptoInsight,TKR,크립토인사이트,,,
Authorship,ATS,어더쉽,,,
Sovereign Hero,HERO,소베린히어로,,,
Electra,ECA,일렉트라,,,
PopularCoin,POP,파퓰러코인,,,
Bitcurrency,BTCR,비트커런시,,,
Goodomy,GOOD,구도미,,,
EthBet,EBET,에드베트,,,
TeslaCoin,TES,테슬라코인,,,
PetroDollar,XPD,페트로달러,,,
BigUp,BIGUP,빅업,,,
UniCoin,UNIC,유니코인,,,
Atomic Coin,ATOM,아토믹코인,,,
Cream,CRM,크림,,,
Bitcoin Fast,BCF,비트코인패스트,,,
DigitalDevelopersFund,DDF,디지털디벨로퍼스펀드,,,
BriaCoin,BRIA,브리아코인,,,
Greencoin,GRE,그린코인,,,
Oyster Pearl,PRL,오이스터펄,,,
Titcoin,TIT,티트코인,,,
8Bit,8BIT,8비트,,,
Universe,UNI,유니버스,,,
Digitalcoin,DGC,디지털코인,,,
BunnyCoin,BUN,버니코인,,,
Crystal Clear,CCT,크리스탈클리어,,,
TrumpCoin,TRUMP,트럼프코인,,,
BitBoost,BBT,비트부스트,,,
Minereum,MNE,미네리엄,,,
Quatloo,QTL,콰틀루,,,
AltCommunity Coin,ALTCOM,알트커뮤니티코인,,,
Abjcoin,ABJ,에이비제이코인,,,
Jetcoin,JET,제트코인,,,
InflationCoin,IFLT,인플레이션코인,,,
BitTokens,BXT,비트토큰스,,,
Pakcoin,PAK,팍코인,,,
Ethereum Gold,ETG,이더리움골드,,,
Hawala.Today,HAT,하왈라투데이,,,
EmberCoin,EMB,엠버코인,,,
PlatinumBAR,XPTX,플래티넘바,,,
Bitstar,BITS,비트스타,,,
Newbium,NEWB,뉴비엄,,,
Bolivarcoin,BOLI,볼리바코인,,,
WhaleCoin,WHL,웨일코인,,,
Bit20,BTWTY,비트20,,,
Guncoin,GUN,건코인,,,
Triangles,TRI,트라이앵글스,,,
Pascal Lite,PASL,파스칼라이트,,,
Rasputin Online Coin,ROC,라스푸틴온라인코인,,,
TittieCoin,TTC,타이티코인,,,
Tychocoin,TYCHO,타코코인,,,
Piggycoin,PIGGY,피기코인,,,
Eternity,ENT,이터니티,,,
DigiCube,CUBE,디지큐브,,,
GoldReserve,XGR,골드리저브,,,
GlobalBoost-Y,BSTY,글로벌부스트-와이,,,
PayCoin,XPY,페이코인,,,
MACRON,MCRN,마크론,,,
ChanCoin,4CHN,챈코인,,,
Coin2.1,C2,코인2.1,,,
USDe,USDE,유에스디이,,,
E4ROW,E4ROW,이포로우,,,
SagaCoin,SAGA,사가코인,,,
BlakeStar,BLAS,블레이크스타,,,
Truckcoin,TRK,트럭코인,,,
LeviarCoin,XLC,레비어코인,,,
Ethereum Cash,ECASH,이더리움캐시,,,
Wyvern,WYV,위번,,,
PostCoin,POST,포스트코인,,,
Evotion,EVO,이보션,,,
Shadow Token,SHDW,쉐도우코인,,,
Elcoin,EL,엘코인,,,
Kittehcoin,MEOW,키테코인,,,
Senderon,SDRN,센데론,,,
ColossusCoinXT,COLX,콜로서스코인엑스티,,,
QuazarCoin,QCN,퀀자르코인,,,
bitSilver,BITSILVER,비트실버,,,
Confido,CFD,콘피도,,,
ZCash Gold,ZCG,지캐시골드,,,
Photon,PHO,포톤,,,
Billionaire Token,XBL,빌리어네어토큰,,,
LanaCoin,LANA,라나코인,,,
BumbaCoin,BUMBA,붐바코인,,,
Creatio,XCRE,크리에이시오,,,
808Coin,808,808코인,,,
Ethereum Dark,ETHD,이더리움다크,,,
iEthereum,IETH,아이이더리움,,,
eBitcoinCash,EBCH,이비트코인,,,
Scorecoin,SCORE,스코어코인,,,
CampusCoin,CMPCO,캠퍼스코인,,,
Dalecoin,DALC,데일코인,,,
Blakecoin,BLC,블랙코인,,,
RedCoin,RED,레드코인,,,
Emerald Crypto,EMD,에메랄드크립토,,,
Bitgem,BTG,비트젬,,,
Virtacoinplus,XVP,벌타코인플러스,,,
BoostCoin,BOST,부스트코인,,,
Bolenum,BLN,볼레넘,,,
EagleCoin,EAGLE,이글코인,,,
Sugar Exchange,SGR,슈가익스체인지,,,
Bitcoin Planet,BTPL,비트코인플래닛,,,
Eurocoin,EUC,유로코인,,,
Litecred,LTCR,라이트크레드,,,
EcoCoin,ECO,이코코인,,,
GoldPieces,GP,골드피시스,,,
BitCoal,COAL,비트코알,,,
EOT Token,EOT,이오트토큰,,,
BitAsean,BAS,비트아세안,,,
RonPaulCoin,RPC,론포울코인,,,
Honey,HONEY,허니,,,
CoinonatX,XCXT,코이노낫엑스,,,
TajCoin,TAJ,타이제이코인,,,
DROXNE,DRXNE,드록슨,,,
Debitcoin,DBTC,데빗코인,,,
Aerium,AERM,에어리움,,,
CompuCoin,CPN,컴퓨코인,,,
BillaryCoin,BLRY,빌러리코인,,,
CacheCoin,CACH,캐시코인,,,
Monkey Project,MONK,머니프로젝트,,,
Virta Unique Coin,VUC,버타유니크코인,,,
SecureCoin,SRC,시큐어코인,,,
Argentum,ARG,아르젠텀,,,
Comet,CMT,코멧,,,
ReeCoin,REE,리코인,,,
ETHGAS,EGAS,에드가스,,,
Global Tour Coin,GTC,글로벌투어코인,,,
Cryptojacks,CJ,크립토잭스,,,
FUNCoin,FUNC,펀코인,,,
PRCoin,PRC,피알코인,,,
bitEUR,BITEUR,비튜어,,,
GlobalToken,GLT,글로벌토큰,,,
Grimcoin,GRIM,그림코인,,,
bitGold,BITGOLD,비트골드,,,
SixEleven,611,식스일레븐,,,
VoteCoin,VOT,보트코인,,,
Mutual Coin,MUT,뮤츄얼코인,,,
Marijuanacoin,MAR,마리주아나코인,,,
Gold Pressed Latinum,GPL,골드프레스드래티넘,,,
AnarchistsPrime,ACP,아나치스트프라임,,,
Money,$$$,머니,,,
LiteCoin Ultra,LTCU,라이트코인울트라,,,
BipCoin,BIP,비프코인,,,
G3N,G3N,지쓰리엔,,,
Coinonat,CXT,코이노낫,,,
Credence Coin,CRDNC,크레던스코인,,,
Torcoin,TOR,토르코인,,,
Ammo Rewards,AMMO,아모리워드,,,
MiloCoin,MILO,밀로코인,,,
Iconic,ICON,아이코닉,,,
Printerium,PRX,프린테리움,,,
Kurrent,KURT,커런트,,,
Eryllium,ERY,에릴리움,,,
WomenCoin,WOMEN,우먼코인,,,
Kayicoin,KAYI,카이코인,,,
eREAL,EREAL,이레알,,,
LiteBitcoin,LBTC,라이트비트코인,,,
Rimbit,RBT,림빗,,,
Interzone,ITZ,인터존,,,
LetItRide,LIR,렛잇라이드,,,
Network Token,NTWK,네트워크토큰,,,
Roofs,ROOFS,루프스,,,
Master Swiscoin,MSCN,마스터스위스코인,,,
Veros,VRS,베르오스,,,
SwapToken,TOKEN,스왑토큰,,,
CybCSec,XCS,십크세크,,,
SocialCoin,SOCC,소셜코인,,,
CrevaCoin,CREVA,크레바코인,,,
AgrolifeCoin,AGLC,아그로라이프코인,,,
Antilitecoin,ALTC,안틸리테코인,,,
Argus,ARGUS,아르거스,,,
LevoPlus,LVPS,레보플러스,,,
Elysium,ELS,엘리슘,,,
GeyserCoin,GSR,게이서코인,,,
Ebittree Coin,EBT,에비트리코인,,,
HarmonyCoin,HMC,하모니코인,,,
Abncoin,ABN,에이비엔코인,,,
Digital Money Bits,DMB,디지털머니비트,,,
SuperNET,UNITY,슈퍼넷,,,
Safe Exchange Coin,SAFEX,세이프익스체인지코인,,,
EncryptoTel [WAVES],ETT,엔크립토텔,,,
CasinoCoin,CSC,카지노코인,,,
Masternodecoin,MTNC,마스터노드코인,,,
Stakecoin,STCN,스테이크코인,,,
Ecobit,ECOB,에코빗,,,
XCurrency,XC,엑스커런시,,,
Colossuscoin V2,CV2,콜로서스코인,,,
Bankcoin,B@,뱅크코인,,,
Crystal Clear Token,CCT,크리스탈클리어토큰,,,
KuCoin,KCS,쿠코인,,,
Rebellious,REBL,리베리어스,,,
Nuls,NULS,널스,,,
Everus,EVR,에버너스,,,
ASH,QASH,에이쉬,,,
AdCoin,ACC,애드코인,,,
LockChain,LOC,락체인,,,
MediBond,MEDI,메디본드,,,
Octanox,OTX,옥타녹스,,,408
GOLD Reward Token,GRX,골드리워드토큰,,,
Social Send,SEND,소셜센드,,,
FidentiaX,FDX,파이덴셜엑스,,,
ICON,ICX,아이콘,,,